pairing_condition,failure_mode_id,k,reliability,n,ci_low,ci_high
cross_family_3,FM-3.3,1,0.15,40,0.05,0.275
cross_family_3,FM-3.3,2,0.55,40,0.4,0.7
cross_family_3,FM-3.3,3,0.825,40,0.7,0.925
cross_family_3,FM-3.3,4,0.825,40,0.7,0.925
cross_family_3,FM-3.3,5,0.925,40,0.8494,1.0
cross_family_3,FM-3.3,6,0.975,40,0.925,1.0
cross_family_3,FM-3.3,7,0.975,40,0.925,1.0
cross_family_3,FM-3.3,8,0.975,40,0.925,1.0
cross_family_3,FM-3.3,9,0.975,40,0.925,1.0
cross_family_3,FM-3.3,10,0.975,40,0.925,1.0
cross_family_3,FM-3.3,11,0.975,40,0.925,1.0
cross_family_3,FM-3.3,12,0.975,40,0.925,1.0
cross_family_3,FM-3.3,13,0.975,40,0.925,1.0
cross_family_3,FM-3.3,14,0.975,40,0.925,1.0
cross_family_3,FM-3.3,15,0.975,40,0.925,1.0
cross_family_3,FM-3.3,16,0.975,40,0.925,1.0
cross_family_3,FM-3.3,17,0.975,40,0.925,1.0
cross_family_3,FM-3.3,18,0.975,40,0.925,1.0
cross_family_3,FM-3.3,19,0.975,40,0.925,1.0
cross_family_3,FM-3.3,20,0.975,40,0.925,1.0
cross_family_3,FM-3.3,21,0.975,40,0.925,1.0
cross_family_3,FM-3.3,22,0.975,40,0.925,1.0
cross_family_3,FM-3.3,23,0.975,40,0.925,1.0
cross_family_3,FM-3.3,24,0.975,40,0.925,1.0
cross_family_3,FM-3.3,25,0.975,40,0.925,1.0
cross_family_3,FM-3.3,26,0.975,40,0.925,1.0
cross_family_3,FM-3.3,27,0.975,40,0.925,1.0
cross_family_3,FM-3.3,28,0.975,40,0.925,1.0
cross_family_3,FM-3.3,29,0.975,40,0.925,1.0
cross_family_3,FM-3.3,30,0.975,40,0.925,1.0
cross_family_3,FM-3.3,31,0.975,40,0.925,1.0
cross_family_3,FM-3.3,32,0.975,40,0.925,1.0
cross_family_3,FM-3.3,33,0.975,40,0.925,1.0
cross_family_3,FM-3.3,34,0.975,40,0.925,1.0
cross_family_3,FM-3.3,35,1.0,40,1.0,1.0
cross_family_3,FM-3.3,36,1.0,40,1.0,1.0
cross_family_3,FM-3.3,37,1.0,40,1.0,1.0
cross_family_3,FM-3.3,38,1.0,40,1.0,1.0
cross_family_3,FM-3.3,39,1.0,40,1.0,1.0
cross_family_3,FM-3.3,40,1.0,40,1.0,1.0
cross_family_3,FM-3.3,41,1.0,40,1.0,1.0
cross_family_3,FM-3.3,42,1.0,40,1.0,1.0
cross_family_3,FM-3.3,43,1.0,40,1.0,1.0
cross_family_3,FM-3.3,44,1.0,40,1.0,1.0
cross_family_3,FM-3.3,45,1.0,40,1.0,1.0
cross_family_3,FM-3.3,46,1.0,40,1.0,1.0
cross_family_3,FM-3.3,47,1.0,40,1.0,1.0
cross_family_3,FM-3.3,48,1.0,40,1.0,1.0
cross_family_3,FM-3.3,49,1.0,40,1.0,1.0
cross_family_3,FM-3.3,50,1.0,40,1.0,1.0
diverse_matched,FM-3.3,1,0.525,40,0.375,0.675
diverse_matched,FM-3.3,2,0.75,40,0.625,0.875
diverse_matched,FM-3.3,3,0.75,40,0.625,0.875
diverse_matched,FM-3.3,4,0.75,40,0.625,0.875
diverse_matched,FM-3.3,5,0.8,40,0.675,0.925
diverse_matched,FM-3.3,6,0.875,40,0.775,0.975
diverse_matched,FM-3.3,7,0.875,40,0.775,0.975
diverse_matched,FM-3.3,8,0.875,40,0.775,0.975
diverse_matched,FM-3.3,9,0.925,40,0.825,1.0
diverse_matched,FM-3.3,10,0.95,40,0.875,1.0
diverse_matched,FM-3.3,11,0.95,40,0.875,1.0
diverse_matched,FM-3.3,12,0.95,40,0.875,1.0
diverse_matched,FM-3.3,13,0.95,40,0.875,1.0
diverse_matched,FM-3.3,14,0.975,40,0.925,1.0
diverse_matched,FM-3.3,15,0.975,40,0.925,1.0
diverse_matched,FM-3.3,16,1.0,40,1.0,1.0
diverse_matched,FM-3.3,17,1.0,40,1.0,1.0
diverse_matched,FM-3.3,18,1.0,40,1.0,1.0
diverse_matched,FM-3.3,19,1.0,40,1.0,1.0
diverse_matched,FM-3.3,20,1.0,40,1.0,1.0
diverse_matched,FM-3.3,21,1.0,40,1.0,1.0
diverse_matched,FM-3.3,22,1.0,40,1.0,1.0
diverse_matched,FM-3.3,23,1.0,40,1.0,1.0
diverse_matched,FM-3.3,24,1.0,40,1.0,1.0
diverse_matched,FM-3.3,25,1.0,40,1.0,1.0
diverse_matched,FM-3.3,26,1.0,40,1.0,1.0
diverse_matched,FM-3.3,27,1.0,40,1.0,1.0
diverse_matched,FM-3.3,28,1.0,40,1.0,1.0
diverse_matched,FM-3.3,29,1.0,40,1.0,1.0
diverse_matched,FM-3.3,30,1.0,40,1.0,1.0
diverse_matched,FM-3.3,31,1.0,40,1.0,1.0
diverse_matched,FM-3.3,32,1.0,40,1.0,1.0
diverse_matched,FM-3.3,33,1.0,40,1.0,1.0
diverse_matched,FM-3.3,34,1.0,40,1.0,1.0
diverse_matched,FM-3.3,35,1.0,40,1.0,1.0
diverse_matched,FM-3.3,36,1.0,40,1.0,1.0
diverse_matched,FM-3.3,37,1.0,40,1.0,1.0
diverse_matched,FM-3.3,38,1.0,40,1.0,1.0
diverse_matched,FM-3.3,39,1.0,40,1.0,1.0
diverse_matched,FM-3.3,40,1.0,40,1.0,1.0
diverse_matched,FM-3.3,41,1.0,40,1.0,1.0
diverse_matched,FM-3.3,42,1.0,40,1.0,1.0
diverse_matched,FM-3.3,43,1.0,40,1.0,1.0
diverse_matched,FM-3.3,44,1.0,40,1.0,1.0
diverse_matched,FM-3.3,45,1.0,40,1.0,1.0
diverse_matched,FM-3.3,46,1.0,40,1.0,1.0
diverse_matched,FM-3.3,47,1.0,40,1.0,1.0
diverse_matched,FM-3.3,48,1.0,40,1.0,1.0
diverse_matched,FM-3.3,49,1.0,40,1.0,1.0
diverse_matched,FM-3.3,50,1.0,40,1.0,1.0
qwen_flip,FM-3.3,1,0.15,40,0.05,0.275
qwen_flip,FM-3.3,2,0.175,40,0.075,0.3
qwen_flip,FM-3.3,3,0.625,40,0.475,0.775
qwen_flip,FM-3.3,4,0.625,40,0.475,0.775
qwen_flip,FM-3.3,5,0.625,40,0.475,0.775
qwen_flip,FM-3.3,6,0.7,40,0.55,0.825
qwen_flip,FM-3.3,7,0.7,40,0.55,0.825
qwen_flip,FM-3.3,8,0.7,40,0.55,0.825
qwen_flip,FM-3.3,9,0.775,40,0.625,0.9
qwen_flip,FM-3.3,10,0.775,40,0.625,0.9
qwen_flip,FM-3.3,11,0.775,40,0.625,0.9
qwen_flip,FM-3.3,12,0.825,40,0.7,0.925
qwen_flip,FM-3.3,13,0.825,40,0.7,0.925
qwen_flip,FM-3.3,14,0.825,40,0.7,0.925
qwen_flip,FM-3.3,15,0.825,40,0.7,0.925
qwen_flip,FM-3.3,16,0.825,40,0.7,0.925
qwen_flip,FM-3.3,17,0.825,40,0.7,0.925
qwen_flip,FM-3.3,18,0.825,40,0.7,0.925
qwen_flip,FM-3.3,19,0.825,40,0.7,0.925
qwen_flip,FM-3.3,20,0.825,40,0.7,0.925
qwen_flip,FM-3.3,21,0.825,40,0.7,0.925
qwen_flip,FM-3.3,22,0.825,40,0.7,0.925
qwen_flip,FM-3.3,23,0.825,40,0.7,0.925
qwen_flip,FM-3.3,24,0.825,40,0.7,0.925
qwen_flip,FM-3.3,25,0.825,40,0.7,0.925
qwen_flip,FM-3.3,26,0.825,40,0.7,0.925
qwen_flip,FM-3.3,27,0.825,40,0.7,0.925
qwen_flip,FM-3.3,28,0.85,40,0.725,0.95
qwen_flip,FM-3.3,29,0.85,40,0.725,0.95
qwen_flip,FM-3.3,30,0.85,40,0.725,0.95
qwen_flip,FM-3.3,31,0.85,40,0.725,0.95
qwen_flip,FM-3.3,32,0.85,40,0.725,0.95
qwen_flip,FM-3.3,33,0.85,40,0.725,0.95
qwen_flip,FM-3.3,34,0.85,40,0.725,0.95
qwen_flip,FM-3.3,35,0.85,40,0.725,0.95
qwen_flip,FM-3.3,36,0.85,40,0.725,0.95
qwen_flip,FM-3.3,37,0.85,40,0.725,0.95
qwen_flip,FM-3.3,38,0.85,40,0.725,0.95
qwen_flip,FM-3.3,39,0.85,40,0.725,0.95
qwen_flip,FM-3.3,40,0.85,40,0.725,0.95
qwen_flip,FM-3.3,41,0.85,40,0.725,0.95
qwen_flip,FM-3.3,42,0.85,40,0.725,0.95
qwen_flip,FM-3.3,43,0.85,40,0.725,0.95
qwen_flip,FM-3.3,44,0.85,40,0.725,0.95
qwen_flip,FM-3.3,45,0.85,40,0.725,0.95
qwen_flip,FM-3.3,46,0.85,40,0.725,0.95
qwen_flip,FM-3.3,47,0.85,40,0.725,0.95
qwen_flip,FM-3.3,48,0.85,40,0.725,0.95
qwen_flip,FM-3.3,49,0.85,40,0.725,0.95
qwen_flip,FM-3.3,50,0.85,40,0.725,0.95
same_family,FM-3.3,1,0.075,40,0.0,0.175
same_family,FM-3.3,2,0.6,40,0.45,0.75
same_family,FM-3.3,3,0.675,40,0.525,0.8
same_family,FM-3.3,4,0.75,40,0.6,0.875
same_family,FM-3.3,5,0.75,40,0.6,0.875
same_family,FM-3.3,6,0.8,40,0.675,0.9
same_family,FM-3.3,7,0.8,40,0.675,0.9
same_family,FM-3.3,8,0.85,40,0.725,0.95
same_family,FM-3.3,9,0.85,40,0.725,0.95
same_family,FM-3.3,10,0.875,40,0.75,0.975
same_family,FM-3.3,11,0.875,40,0.75,0.975
same_family,FM-3.3,12,0.875,40,0.75,0.975
same_family,FM-3.3,13,0.875,40,0.75,0.975
same_family,FM-3.3,14,0.9,40,0.8,0.975
same_family,FM-3.3,15,0.9,40,0.8,0.975
same_family,FM-3.3,16,0.9,40,0.8,0.975
same_family,FM-3.3,17,0.9,40,0.8,0.975
same_family,FM-3.3,18,0.925,40,0.825,1.0
same_family,FM-3.3,19,0.925,40,0.825,1.0
same_family,FM-3.3,20,0.925,40,0.825,1.0
same_family,FM-3.3,21,0.925,40,0.825,1.0
same_family,FM-3.3,22,0.95,40,0.875,1.0
same_family,FM-3.3,23,0.95,40,0.875,1.0
same_family,FM-3.3,24,0.95,40,0.875,1.0
same_family,FM-3.3,25,0.95,40,0.875,1.0
same_family,FM-3.3,26,0.975,40,0.925,1.0
same_family,FM-3.3,27,0.975,40,0.925,1.0
same_family,FM-3.3,28,0.975,40,0.925,1.0
same_family,FM-3.3,29,0.975,40,0.925,1.0
same_family,FM-3.3,30,0.975,40,0.925,1.0
same_family,FM-3.3,31,0.975,40,0.925,1.0
same_family,FM-3.3,32,0.975,40,0.925,1.0
same_family,FM-3.3,33,0.975,40,0.925,1.0
same_family,FM-3.3,34,0.975,40,0.925,1.0
same_family,FM-3.3,35,0.975,40,0.925,1.0
same_family,FM-3.3,36,0.975,40,0.925,1.0
same_family,FM-3.3,37,0.975,40,0.925,1.0
same_family,FM-3.3,38,0.975,40,0.925,1.0
same_family,FM-3.3,39,0.975,40,0.925,1.0
same_family,FM-3.3,40,0.975,40,0.925,1.0
same_family,FM-3.3,41,0.975,40,0.925,1.0
same_family,FM-3.3,42,0.975,40,0.925,1.0
same_family,FM-3.3,43,0.975,40,0.925,1.0
same_family,FM-3.3,44,0.975,40,0.925,1.0
same_family,FM-3.3,45,0.975,40,0.925,1.0
same_family,FM-3.3,46,0.975,40,0.925,1.0
same_family,FM-3.3,47,0.975,40,0.925,1.0
same_family,FM-3.3,48,0.975,40,0.925,1.0
same_family,FM-3.3,49,0.975,40,0.925,1.0
same_family,FM-3.3,50,0.975,40,0.925,1.0
same_model,FM-3.3,1,0.175,40,0.075,0.3
same_model,FM-3.3,2,0.2,40,0.1,0.325
same_model,FM-3.3,3,0.2,40,0.1,0.325
same_model,FM-3.3,4,0.2,40,0.1,0.325
same_model,FM-3.3,5,0.25,40,0.125,0.4
same_model,FM-3.3,6,0.25,40,0.125,0.4
same_model,FM-3.3,7,0.25,40,0.125,0.4
same_model,FM-3.3,8,0.25,40,0.125,0.4
same_model,FM-3.3,9,0.25,40,0.125,0.4
same_model,FM-3.3,10,0.25,40,0.125,0.4
same_model,FM-3.3,11,0.25,40,0.125,0.4
same_model,FM-3.3,12,0.25,40,0.125,0.4
same_model,FM-3.3,13,0.25,40,0.125,0.4
same_model,FM-3.3,14,0.275,40,0.15,0.425
same_model,FM-3.3,15,0.275,40,0.15,0.425
same_model,FM-3.3,16,0.275,40,0.15,0.425
same_model,FM-3.3,17,0.3,40,0.175,0.45
same_model,FM-3.3,18,0.3,40,0.175,0.45
same_model,FM-3.3,19,0.3,40,0.175,0.45
same_model,FM-3.3,20,0.3,40,0.175,0.45
same_model,FM-3.3,21,0.3,40,0.175,0.45
same_model,FM-3.3,22,0.3,40,0.175,0.45
same_model,FM-3.3,23,0.3,40,0.175,0.45
same_model,FM-3.3,24,0.3,40,0.175,0.45
same_model,FM-3.3,25,0.3,40,0.175,0.45
same_model,FM-3.3,26,0.3,40,0.175,0.45
same_model,FM-3.3,27,0.3,40,0.175,0.45
same_model,FM-3.3,28,0.3,40,0.175,0.45
same_model,FM-3.3,29,0.3,40,0.175,0.45
same_model,FM-3.3,30,0.3,40,0.175,0.45
same_model,FM-3.3,31,0.3,40,0.175,0.45
same_model,FM-3.3,32,0.3,40,0.175,0.45
same_model,FM-3.3,33,0.3,40,0.175,0.45
same_model,FM-3.3,34,0.3,40,0.175,0.45
same_model,FM-3.3,35,0.3,40,0.175,0.45
same_model,FM-3.3,36,0.3,40,0.175,0.45
same_model,FM-3.3,37,0.3,40,0.175,0.45
same_model,FM-3.3,38,0.3,40,0.175,0.45
same_model,FM-3.3,39,0.3,40,0.175,0.45
same_model,FM-3.3,40,0.3,40,0.175,0.45
same_model,FM-3.3,41,0.3,40,0.175,0.45
same_model,FM-3.3,42,0.3,40,0.175,0.45
same_model,FM-3.3,43,0.3,40,0.175,0.45
same_model,FM-3.3,44,0.3,40,0.175,0.45
same_model,FM-3.3,45,0.3,40,0.175,0.45
same_model,FM-3.3,46,0.3,40,0.175,0.45
same_model,FM-3.3,47,0.3,40,0.175,0.45
same_model,FM-3.3,48,0.3,40,0.175,0.45
same_model,FM-3.3,49,0.3,40,0.175,0.45
same_model,FM-3.3,50,0.3,40,0.175,0.45
same_model_mistral,FM-3.3,1,0.525,40,0.375,0.675
same_model_mistral,FM-3.3,2,0.625,40,0.4744,0.775
same_model_mistral,FM-3.3,3,0.65,40,0.5,0.8
same_model_mistral,FM-3.3,4,0.65,40,0.5,0.8
same_model_mistral,FM-3.3,5,0.7,40,0.55,0.825
same_model_mistral,FM-3.3,6,0.7,40,0.55,0.825
same_model_mistral,FM-3.3,7,0.7,40,0.55,0.825
same_model_mistral,FM-3.3,8,0.7,40,0.55,0.825
same_model_mistral,FM-3.3,9,0.775,40,0.65,0.9
same_model_mistral,FM-3.3,10,0.775,40,0.65,0.9
same_model_mistral,FM-3.3,11,0.775,40,0.65,0.9
same_model_mistral,FM-3.3,12,0.775,40,0.65,0.9
same_model_mistral,FM-3.3,13,0.775,40,0.65,0.9
same_model_mistral,FM-3.3,14,0.775,40,0.65,0.9
same_model_mistral,FM-3.3,15,0.775,40,0.65,0.9
same_model_mistral,FM-3.3,16,0.775,40,0.65,0.9
same_model_mistral,FM-3.3,17,0.775,40,0.65,0.9
same_model_mistral,FM-3.3,18,0.775,40,0.65,0.9
same_model_mistral,FM-3.3,19,0.775,40,0.65,0.9
same_model_mistral,FM-3.3,20,0.775,40,0.65,0.9
same_model_mistral,FM-3.3,21,0.775,40,0.65,0.9
same_model_mistral,FM-3.3,22,0.775,40,0.65,0.9
same_model_mistral,FM-3.3,23,0.775,40,0.65,0.9
same_model_mistral,FM-3.3,24,0.775,40,0.65,0.9
same_model_mistral,FM-3.3,25,0.8,40,0.675,0.925
same_model_mistral,FM-3.3,26,0.8,40,0.675,0.925
same_model_mistral,FM-3.3,27,0.8,40,0.675,0.925
same_model_mistral,FM-3.3,28,0.8,40,0.675,0.925
same_model_mistral,FM-3.3,29,0.8,40,0.675,0.925
same_model_mistral,FM-3.3,30,0.8,40,0.675,0.925
same_model_mistral,FM-3.3,31,0.8,40,0.675,0.925
same_model_mistral,FM-3.3,32,0.8,40,0.675,0.925
same_model_mistral,FM-3.3,33,0.8,40,0.675,0.925
same_model_mistral,FM-3.3,34,0.8,40,0.675,0.925
same_model_mistral,FM-3.3,35,0.8,40,0.675,0.925
same_model_mistral,FM-3.3,36,0.8,40,0.675,0.925
same_model_mistral,FM-3.3,37,0.8,40,0.675,0.925
same_model_mistral,FM-3.3,38,0.8,40,0.675,0.925
same_model_mistral,FM-3.3,39,0.8,40,0.675,0.925
same_model_mistral,FM-3.3,40,0.8,40,0.675,0.925
same_model_mistral,FM-3.3,41,0.8,40,0.675,0.925
same_model_mistral,FM-3.3,42,0.8,40,0.675,0.925
same_model_mistral,FM-3.3,43,0.8,40,0.675,0.925
same_model_mistral,FM-3.3,44,0.8,40,0.675,0.925
same_model_mistral,FM-3.3,45,0.8,40,0.675,0.925
same_model_mistral,FM-3.3,46,0.8,40,0.675,0.925
same_model_mistral,FM-3.3,47,0.8,40,0.675,0.925
same_model_mistral,FM-3.3,48,0.8,40,0.675,0.925
same_model_mistral,FM-3.3,49,0.8,40,0.675,0.925
same_model_mistral,FM-3.3,50,0.8,40,0.675,0.925
